Train,Test,AUROC
A,A,0.7103400050439048
A,B,0.5916305568929546
B,B,0.7149482999747805
B,A,0.5789623312011372
